{"chunk_definitions":[{"row":12,"row_count":1,"visible":true,"expansion_state":0,"options":{"engine":"r","label":"unnamed-chunk-9","dev":"png"},"document_id":"49BF07FC","chunk_id":"clvh9xrj68d37","chunk_label":"unnamed-chunk-1"},{"row":18,"row_count":1,"visible":true,"expansion_state":0,"options":{"engine":"r","label":"unnamed-chunk-10","dev":"png"},"document_id":"49BF07FC","chunk_id":"cyzs2o4kbpjc2","chunk_label":"unnamed-chunk-2"},{"row":23,"row_count":1,"visible":true,"expansion_state":0,"options":{"engine":"r","label":"unnamed-chunk-11","dev":"png"},"document_id":"49BF07FC","chunk_id":"clilqfuzr13rm","chunk_label":"unnamed-chunk-3"},{"row":27,"row_count":1,"visible":true,"expansion_state":0,"options":{"engine":"r","label":"unnamed-chunk-12","dev":"png"},"document_id":"49BF07FC","chunk_id":"c9frybwpn19og","chunk_label":"unnamed-chunk-4"},{"row":30,"row_count":1,"visible":true,"expansion_state":0,"options":{"engine":"r","label":"unnamed-chunk-13","dev":"png"},"document_id":"49BF07FC","chunk_id":"cg7fjyajcm4d4","chunk_label":"unnamed-chunk-5"},{"row":33,"row_count":1,"visible":true,"expansion_state":0,"options":{"engine":"r","label":"unnamed-chunk-14","dev":"png"},"document_id":"49BF07FC","chunk_id":"c1139js5zyc8c","chunk_label":"unnamed-chunk-6"},{"row":44,"row_count":1,"visible":true,"expansion_state":0,"options":{"engine":"r","label":"unnamed-chunk-15","dev":"png"},"document_id":"49BF07FC","chunk_id":"c0x5wj30mg6oj","chunk_label":"unnamed-chunk-7"},{"row":48,"row_count":1,"visible":true,"expansion_state":0,"options":{"engine":"r","label":"unnamed-chunk-16","dev":"png"},"document_id":"49BF07FC","chunk_id":"cznd1skuzlw7l","chunk_label":"unnamed-chunk-8"},{"row":65,"row_count":1,"visible":true,"expansion_state":0,"options":{"engine":"r","label":"unnamed-chunk-18","dev":"png"},"document_id":"49BF07FC","chunk_id":"c3srb94ulopn5","chunk_label":"unnamed-chunk-9"},{"row":86,"row_count":1,"visible":true,"expansion_state":0,"options":{"engine":"r","label":"unnamed-chunk-6","dev":"png"},"document_id":"49BF07FC","chunk_id":"cwvptv43o4zxi","chunk_label":"unnamed-chunk-11"}],"doc_write_time":1728904876,"chunk_rendered_width":700}