"0","# Assuming month_group contains the Month and Total columns"
"0","library(ggplot2)"
"0",""
"0","# Create the line plot"
"0","plot3 <- ggplot(week_group, aes(x = Week, y = total, group = 1)) +"
"0","  geom_line(col = ""red"") +   # Add a red line"
"0","  geom_point() +             # Optionally, add points at each month"
"0","  scale_y_continuous(labels = scales::comma, limits = c(0, NA)) +  "
"0","  scale_x_continuous(breaks = seq(1,nrow(week_group),1)) + # Format y-axis with commas"
"0","  theme(axis.text.x = element_text(angle = 45, hjust = 1))  # Rotate x-axis labels"
"0",""
"0","# Display the plot"
"0","plot3"
